{"cameraMode":{"drawMode":0,"name":"Shaded","section":"Shading Mode"},"sceneLighting":false,"audioPlay":false,"sceneViewState":{"m_AlwaysRefresh":false,"showFog":true,"showSkybox":false,"showFlares":true,"showImageEffects":true,"showParticleSystems":true,"showVisualEffectGraphs":true,"m_FxEnabled":true},"in2DMode":false,"pivot":{"x":0.38335371017456057,"y":-0.12622714042663575,"z":-3.8710339069366457},"rotation":{"x":-0.27186137437820437,"y":-0.08014634996652603,"z":0.022729944437742235,"w":-0.9587336778640747},"size":8.511638641357422,"orthographic":false}