{"cameraMode":{"drawMode":0,"name":"Shaded","section":"Shading Mode"},"sceneLighting":false,"audioPlay":false,"sceneViewState":{"m_AlwaysRefresh":false,"showFog":true,"showSkybox":false,"showFlares":true,"showImageEffects":true,"showParticleSystems":true,"showVisualEffectGraphs":true,"m_FxEnabled":true},"in2DMode":false,"pivot":{"x":1.8761790990829468,"y":1.7630698680877686,"z":3.3407444953918459},"rotation":{"x":-0.03632795438170433,"y":0.9341491460800171,"z":-0.34078970551490786,"w":-0.0995798334479332},"size":8.032780647277832,"orthographic":false}