{"cameraMode":{"drawMode":0,"name":"Shaded","section":"Shading Mode"},"sceneLighting":false,"audioPlay":false,"sceneViewState":{"m_AlwaysRefresh":false,"showFog":true,"showSkybox":false,"showFlares":true,"showImageEffects":true,"showParticleSystems":true,"showVisualEffectGraphs":true,"m_FxEnabled":true},"in2DMode":false,"pivot":{"x":-9.924354553222657,"y":7.8871965408325199,"z":4.1219940185546879},"rotation":{"x":-0.046234823763370517,"y":0.9537321925163269,"z":-0.21408399939537049,"w":-0.2059735655784607},"size":12.464529037475586,"orthographic":false}