{"cameraMode":{"drawMode":0,"name":"Shaded","section":"Shading Mode"},"sceneLighting":true,"audioPlay":false,"sceneViewState":{"m_AlwaysRefresh":false,"showFog":true,"showSkybox":false,"showFlares":true,"showImageEffects":true,"showParticleSystems":true,"showVisualEffectGraphs":true,"m_FxEnabled":true},"in2DMode":false,"pivot":{"x":1.1735618114471436,"y":2.0182316303253176,"z":1.033064842224121},"rotation":{"x":0.23923058807849885,"y":0.44591981172561648,"z":-0.1250135600566864,"w":0.8534244894981384},"size":1.4660255908966065,"orthographic":false}