{"cameraMode":{"drawMode":0,"name":"Shaded","section":"Shading Mode"},"sceneLighting":false,"audioPlay":false,"sceneViewState":{"m_AlwaysRefresh":false,"showFog":true,"showSkybox":false,"showFlares":true,"showImageEffects":true,"showParticleSystems":true,"showVisualEffectGraphs":true,"m_FxEnabled":true},"in2DMode":false,"pivot":{"x":-1.4352904558181763,"y":-0.5970638394355774,"z":0.9536535143852234},"rotation":{"x":-0.23959428071975709,"y":0.41595515608787539,"z":-0.11458618938922882,"w":-0.8697428703308106},"size":4.166025161743164,"orthographic":false}