{"cameraMode":{"drawMode":0,"name":"Shaded","section":"Shading Mode"},"sceneLighting":false,"audioPlay":false,"sceneViewState":{"m_AlwaysRefresh":false,"showFog":true,"showSkybox":false,"showFlares":true,"showImageEffects":true,"showParticleSystems":true,"showVisualEffectGraphs":true,"m_FxEnabled":true},"in2DMode":false,"pivot":{"x":1.0969280004501343,"y":-0.20584988594055177,"z":-1.059149980545044},"rotation":{"x":-0.31311237812042239,"y":-0.21486340463161469,"z":0.07295050472021103,"w":-0.9222153425216675},"size":2.598076105117798,"orthographic":false}