{"cameraMode":{"drawMode":0,"name":"Shaded","section":"Shading Mode"},"sceneLighting":false,"audioPlay":false,"sceneViewState":{"m_AlwaysRefresh":false,"showFog":true,"showSkybox":false,"showFlares":true,"showImageEffects":true,"showParticleSystems":true,"showVisualEffectGraphs":true,"m_FxEnabled":true},"in2DMode":false,"pivot":{"x":2.4761717319488527,"y":1.3160761594772339,"z":0.9690279960632324},"rotation":{"x":-0.27420347929000857,"y":0.01788322627544403,"z":-0.005099730100482702,"w":-0.9614959359169006},"size":2.366025447845459,"orthographic":false}