{"cameraMode":{"drawMode":0,"name":"Shaded","section":"Shading Mode"},"sceneLighting":false,"audioPlay":false,"sceneViewState":{"m_AlwaysRefresh":false,"showFog":true,"showSkybox":false,"showFlares":true,"showImageEffects":true,"showParticleSystems":true,"showVisualEffectGraphs":true,"m_FxEnabled":true},"in2DMode":false,"pivot":{"x":-1.9536656141281129,"y":-0.32338476181030276,"z":0.5506219863891602},"rotation":{"x":0.00939155463129282,"y":0.9622998833656311,"z":-0.2697562873363495,"w":0.033502425998449329},"size":7.9259538650512699,"orthographic":false}